	GenName	ProteinID	OrganismName	Taxonomy	Strand	TTT	TTC	TTA	TTG	TCT	TCC	TCA	TCG	TAT	TAC	TGT	TGC	TGA	TGG	CTT	CTC	CTA	CTG	CCT	CCC	CCA	CCG	CAT	CAC	CAA	CAG	CGT	CGC	CGA	CGG	ATT	ATC	ATA	ATG	ACT	ACC	ACA	ACG	AAT	AAC	AAA	AAG	AGT	AGC	AGA	AGG	GTT	GTC	GTA	GTG	GCT	GCC	GCA	GCG	GAT	GAC	GAA	GAG	GGT	GGC	GGA	GGG	TAA	TAG
0	nad2	YP_007890314.1	Clathrina clathrus	Eukaryota, Metazoa, Porifera, Calcarea, Calcinea, Clathrinida, Clathrinidae, Clathrina	1	0.0	2.0	6.0	0.0	0.0	0.0	0.0	0.0	1.0	1.0	0.0	2.0	0.0	2.0	0.0	0.0	0.0	0.0	0.0	4.0	0.0	0.0	0.0	0.0	0.0	0.0	0.0	0.0	0.0	0.0	0.0	1.5	1.5	1.0	0.0	1.3333333333333333	1.3333333333333333	1.3333333333333333	0.0	0.0	0.0	0.0	0.0	0.0	6.0	0.0	0.0	2.0	2.0	0.0	0.0	4.0	0.0	0.0	0.0	0.0	0.0	0.0	0.0	0.0	0.0	0.0	0.0	1.0
1	cox1	YP_007890315.1	Clathrina clathrus	Eukaryota, Metazoa, Porifera, Calcarea, Calcinea, Clathrinida, Clathrinidae, Clathrina	1	0.6666666666666666	1.3333333333333333	1.0	0.0	0.0	2.6666666666666665	0.6666666666666666	0.6666666666666666	1.3333333333333333	0.6666666666666666	0.0	0.0	2.0	0.0	2.0	1.0	2.0	0.0	0.0	0.0	0.0	0.0	0.0	2.0	2.0	0.0	1.5	0.0	2.25	0.0	0.8571428571428571	2.142857142857143	0.0	0.0	0.0	4.0	0.0	0.0	0.0	2.0	0.6666666666666666	1.3333333333333333	0.6666666666666666	1.3333333333333333	1.5	0.75	0.0	0.0	4.0	0.0	2.0	2.0	0.0	0.0	0.0	2.0	1.0	1.0	4.0	0.0	0.0	0.0	0.0	1.0
2	atp6	YP_007890316.1	Clathrina clathrus	Eukaryota, Metazoa, Porifera, Calcarea, Calcinea, Clathrinida, Clathrinidae, Clathrina	1	0.6153846153846154	1.3846153846153846	0.4444444444444444	0.0	1.5	2.1	1.2	0.0	0.7272727272727273	1.2727272727272727	1.0	1.0	2.0	0.0	1.2222222222222223	2.0	2.111111111111111	0.2222222222222222	1.3333333333333333	1.3333333333333333	1.3333333333333333	0.0	2.0	0.0	1.3333333333333333	0.6666666666666666	1.411764705882353	0.35294117647058826	2.4705882352941178	0.7058823529411765	0.4864864864864865	1.864864864864865	0.6486486486486487	1.0	1.0666666666666667	1.8666666666666667	1.0666666666666667	0.0	0.4444444444444444	1.5555555555555556	0.0	2.0	0.0	1.2	0.35294117647058826	0.7058823529411765	0.4444444444444444	1.7777777777777777	1.7777777777777777	0.0	1.1764705882352942	0.47058823529411764	2.3529411764705883	0.0	0.0	0.0	0.4	1.6	0.0	0.0	0.0	0.0	1.0	0.0
