	GenName	ProteinID	OrganismName	Taxonomy	Strand	TTT	TTC	TTA	TTG	TCT	TCC	TCA	TCG	TAT	TAC	TGT	TGC	TGA	TGG	CTT	CTC	CTA	CTG	CCT	CCC	CCA	CCG	CAT	CAC	CAA	CAG	CGT	CGC	CGA	CGG	ATT	ATC	ATA	ATG	ACT	ACC	ACA	ACG	AAT	AAC	AAA	AAG	AGT	AGC	AGA	AGG	GTT	GTC	GTA	GTG	GCT	GCC	GCA	GCG	GAT	GAC	GAA	GAG	GGT	GGC	GGA	GGG	TAA	TAG
0	cox3	YP_009363188.1	Babesia microti strain RI	Eukaryota, Sar, Alveolata, Apicomplexa, Aconoidasida, Piroplasmida, Babesiidae, Babesia	1	0.6666666666666666	1.3333333333333333	1.4210526315789473	0.9473684210526315	1.8620689655172413	0.41379310344827586	0.8275862068965517	0.20689655172413793	0.6666666666666666	1.3333333333333333	1.3333333333333333	0.6666666666666666	0.0	2.0	0.7894736842105263	0.47368421052631576	1.4210526315789473	0.9473684210526315	0.0	0.0	4.0	0.0	2.0	0.0	1.5	0.5	0.0	0.0	0.0	0.0	1.0	0.3333333333333333	1.6666666666666667	1.0	1.3333333333333333	0.26666666666666666	2.1333333333333333	0.26666666666666666	1.2727272727272727	0.7272727272727273	1.3333333333333333	0.6666666666666666	1.8620689655172413	0.8275862068965517	3.0	3.0	1.0526315789473684	0.21052631578947367	2.1052631578947367	0.631578947368421	1.0	0.0	3.0	0.0	1.75	0.25	1.0	1.0	1.7142857142857142	0.5714285714285714	1.7142857142857142	0.0	1.0	0.0
