	GenName	ProteinID	OrganismName	Taxonomy	Strand	TTT	TTC	TTA	TTG	TCT	TCC	TCA	TCG	TAT	TAC	TGT	TGC	TGA	TGG	CTT	CTC	CTA	CTG	CCT	CCC	CCA	CCG	CAT	CAC	CAA	CAG	CGT	CGC	CGA	CGG	ATT	ATC	ATA	ATG	ACT	ACC	ACA	ACG	AAT	AAC	AAA	AAG	AGT	AGC	AGA	AGG	GTT	GTC	GTA	GTG	GCT	GCC	GCA	GCG	GAT	GAC	GAA	GAG	GGT	GGC	GGA	GGG	TAA	TAG
0	ND6	YP_004123691.1	Plakina sp. DVL-2010	Eukaryota, Metazoa, Porifera, Homoscleromorpha, Homosclerophorida, Plakinidae, Plakina, unclassified Plakina	1	1.8888888888888888	0.1111111111111111	3.0	1.0	1.3846153846153846	0.0	2.769230769230769	0.46153846153846156	2.0	0.0	0.0	0.0	1.0	1.0	1.0	0.0	0.8	0.2	2.0	2.0	0.0	0.0	1.0	1.0	2.0	0.0	0.0	0.0	2.4	1.2	1.7	0.3	1.0	1.0	1.3333333333333333	0.0	1.3333333333333333	1.3333333333333333	2.0	0.0	1.3333333333333333	0.6666666666666666	0.46153846153846156	0.9230769230769231	2.4	0.0	2.6666666666666665	0.0	0.5333333333333333	0.8	2.1333333333333333	0.26666666666666666	0.5333333333333333	1.0666666666666667	1.3333333333333333	0.6666666666666666	1.3333333333333333	0.6666666666666666	1.6666666666666667	0.3333333333333333	1.0	1.0	1.0	0.0
1	ATP9	YP_004123694.1	Plakina sp. DVL-2010	Eukaryota, Metazoa, Porifera, Homoscleromorpha, Homosclerophorida, Plakinidae, Plakina, unclassified Plakina	1	2.0	0.0	3.6	0.0	1.0	0.0	2.0	0.0	1.0	1.0	2.0	0.0	0.0	0.0	1.2	0.0	1.2	0.0	4.0	0.0	0.0	0.0	0.0	0.0	2.0	0.0	0.0	0.0	0.0	0.0	1.0	0.5	1.5	1.0	2.6666666666666665	1.3333333333333333	0.0	0.0	2.0	0.0	2.0	0.0	3.0	0.0	6.0	0.0	2.0	2.0	0.0	0.0	2.0	0.6666666666666666	1.3333333333333333	0.0	0.0	0.0	2.0	0.0	2.0	0.0	1.3333333333333333	0.6666666666666666	1.0	0.0
2	COX2	YP_004123700.1	Plakina sp. DVL-2010	Eukaryota, Metazoa, Porifera, Homoscleromorpha, Homosclerophorida, Plakinidae, Plakina, unclassified Plakina	1	1.8571428571428572	0.14285714285714285	3.111111111111111	0.6666666666666666	4.0	0.4	0.4	0.4	1.0	1.0	2.0	0.0	1.7142857142857142	0.2857142857142857	0.8888888888888888	0.0	1.3333333333333333	0.0	1.0	0.6666666666666666	2.0	0.3333333333333333	0.8	1.2	1.7777777777777777	0.2222222222222222	0.0	0.75	2.25	0.0	1.5	0.10714285714285714	1.3928571428571428	1.0	2.0	0.3333333333333333	1.6666666666666667	0.0	1.6	0.4	1.7142857142857142	0.2857142857142857	0.8	0.0	1.5	1.5	0.8	0.6	1.4	1.2	0.5714285714285714	0.5714285714285714	1.4285714285714286	1.4285714285714286	1.6470588235294117	0.35294117647058826	1.3333333333333333	0.6666666666666666	2.0	0.4	0.4	1.2	0.0	1.0
