	GenName	ProteinID	OrganismName	Taxonomy	Strand	TTT	TTC	TTA	TTG	TCT	TCC	TCA	TCG	TAT	TAC	TGT	TGC	TGA	TGG	CTT	CTC	CTA	CTG	CCT	CCC	CCA	CCG	CAT	CAC	CAA	CAG	CGT	CGC	CGA	CGG	ATT	ATC	ATA	ATG	ACT	ACC	ACA	ACG	AAT	AAC	AAA	AAG	AGT	AGC	GTT	GTC	GTA	GTG	GCT	GCC	GCA	GCG	GAT	GAC	GAA	GAG	GGT	GGC	GGA	GGG	TAA	TAG	AGA	AGG
0	ND6	YP_009546803.1	Hydrodamalis gigas	Eukaryota, Metazoa, Chordata, Craniata, Vertebrata, Euteleostomi, Mammalia, Eutheria, Afrotheria, Sirenia, Dugongidae, Hydrodamalis	1	2.0	0.0	4.0	1.4285714285714286	1.7142857142857142	0.0	0.8571428571428571	0.8571428571428571	1.5	0.5	1.0	1.0	0.5	1.5	0.5714285714285714	0.0	0.0	0.0	1.3333333333333333	1.3333333333333333	1.3333333333333333	0.0	0.0	0.0	0.0	2.0	2.6666666666666665	0.0	1.3333333333333333	0.0	2.0	0.0	0.7692307692307693	1.2307692307692308	3.2	0.0	0.0	0.8	0.6666666666666666	1.3333333333333333	0.0	2.0	2.142857142857143	0.42857142857142855	1.9130434782608696	0.17391304347826086	1.0434782608695652	0.8695652173913043	0.6666666666666666	1.3333333333333333	0.6666666666666666	1.3333333333333333	2.0	0.0	0.5	1.5	1.375	0.0	0.875	1.75	1.0	0.0	0.0	0.0
1	ND4	YP_009546805.1	Hydrodamalis gigas	Eukaryota, Metazoa, Chordata, Craniata, Vertebrata, Euteleostomi, Mammalia, Eutheria, Afrotheria, Sirenia, Dugongidae, Hydrodamalis	1	0.4444444444444444	1.5555555555555556	0.5510204081632653	0.30612244897959184	1.263157894736842	1.4210526315789473	1.4210526315789473	0.3157894736842105	0.7692307692307693	1.2307692307692308	0.4	1.6	2.0	0.0	0.8571428571428571	1.469387755102041	2.2653061224489797	0.5510204081632653	0.7619047619047619	1.3333333333333333	1.7142857142857142	0.19047619047619047	1.0769230769230769	0.9230769230769231	1.6923076923076923	0.3076923076923077	0.8	0.0	2.0	1.2	1.024390243902439	0.975609756097561	1.5	0.5	0.717948717948718	2.1538461538461537	0.8205128205128205	0.3076923076923077	0.7777777777777778	1.2222222222222223	1.8181818181818181	0.18181818181818182	0.15789473684210525	1.4210526315789473	0.8	1.0666666666666667	2.1333333333333333	0.0	0.9333333333333333	2.2666666666666666	0.6666666666666666	0.13333333333333333	0.0	2.0	1.2	0.8	0.23529411764705882	1.1764705882352942	2.1176470588235294	0.47058823529411764	0.0	0.0	0.0	0.0
